-- phpMyAdmin SQL Dump
-- version 4.8.3
-- https://www.phpmyadmin.net/
--
-- Host: 127.0.0.1
-- Waktu pembuatan: 09 Jan 2021 pada 22.02
-- Versi server: 10.1.35-MariaDB
-- Versi PHP: 7.2.9

SET SQL_MODE = "NO_AUTO_VALUE_ON_ZERO";
SET AUTOCOMMIT = 0;
START TRANSACTION;
SET time_zone = "+00:00";


/*!40101 SET @OLD_CHARACTER_SET_CLIENT=@@CHARACTER_SET_CLIENT */;
/*!40101 SET @OLD_CHARACTER_SET_RESULTS=@@CHARACTER_SET_RESULTS */;
/*!40101 SET @OLD_COLLATION_CONNECTION=@@COLLATION_CONNECTION */;
/*!40101 SET NAMES utf8mb4 */;

--
-- Database: `sig_mall`
--

-- --------------------------------------------------------

--
-- Struktur dari tabel `kecamatans`
--

CREATE TABLE `kecamatans` (
  `id` bigint(20) UNSIGNED NOT NULL,
  `nama` varchar(255) COLLATE utf8_unicode_ci NOT NULL,
  `created_at` timestamp NULL DEFAULT NULL,
  `updated_at` timestamp NULL DEFAULT NULL,
  `lat` double(11,8) DEFAULT NULL,
  `lng` double(11,8) DEFAULT NULL
) ENGINE=InnoDB DEFAULT CHARSET=utf8 COLLATE=utf8_unicode_ci;

--
-- Dumping data untuk tabel `kecamatans`
--

INSERT INTO `kecamatans` (`id`, `nama`, `created_at`, `updated_at`, `lat`, `lng`) VALUES
(1, 'Balongbendo', '2020-04-23 18:24:55', '2020-05-13 13:30:43', -7.41427110, 112.53046930),
(2, 'Buduran', '2020-04-23 18:24:56', '2020-05-13 13:30:43', -7.42320800, 112.73832840),
(3, 'Candi', '2020-04-23 18:24:57', '2020-05-13 13:30:44', -7.48422870, 112.73308920),
(4, 'Gedangan', '2020-04-23 18:24:58', '2020-05-13 13:30:45', -7.39338140, 112.73308920),
(5, 'Jabon', '2020-04-23 18:25:00', '2020-05-13 13:30:45', -7.55905630, 112.75096560),
(6, 'Krembung', '2020-04-23 18:25:00', '2020-05-13 13:30:46', -7.51970910, 112.63774320),
(7, 'Krian', '2020-04-23 18:25:01', '2020-05-13 13:30:46', -7.40100550, 112.59006710),
(8, 'Porong', '2020-04-23 18:25:02', '2020-05-13 13:30:47', -7.52659020, 112.69733550),
(9, 'Prambon', '2020-04-23 18:25:03', '2020-05-13 13:30:47', -7.46699000, 112.58410750),
(11, 'Sedati', '2020-04-23 18:25:04', '2020-05-13 13:30:49', -7.39491340, 112.79863430),
(12, 'Sidoarjo', '2020-04-23 18:25:05', '2020-05-13 13:30:49', -7.45801590, 112.75096560),
(13, 'Sukodono', '2020-04-23 18:25:06', '2020-05-13 13:30:50', -7.39466700, 112.67378560),
(14, 'Taman', '2020-04-23 18:25:06', '2020-05-13 13:30:50', -7.36629720, 112.67349900),
(15, 'Tanggulangin', '2020-04-23 18:25:07', '2020-05-13 13:30:51', -7.51453990, 112.73308920),
(16, 'Tarik', '2020-04-23 18:25:08', '2020-05-13 13:30:51', -7.45059440, 112.51258930),
(17, 'Tulangan', '2020-04-23 18:25:09', '2020-05-13 13:30:52', -7.47862850, 112.64966200),
(18, 'Waru', '2020-04-23 18:25:10', '2020-05-13 13:30:52', -7.35114360, 112.76884160),
(19, 'Wonoayu', '2020-04-23 18:25:11', '2020-05-13 13:30:53', -7.42402680, 112.63178380);

-- --------------------------------------------------------

--
-- Struktur dari tabel `kelurahans`
--

CREATE TABLE `kelurahans` (
  `id` bigint(20) UNSIGNED NOT NULL,
  `kecamatan_id` bigint(20) UNSIGNED NOT NULL,
  `nama` varchar(255) COLLATE utf8_unicode_ci NOT NULL,
  `created_at` timestamp NULL DEFAULT NULL,
  `updated_at` timestamp NULL DEFAULT NULL,
  `lat` double(11,8) DEFAULT NULL,
  `lng` double(11,8) DEFAULT NULL
) ENGINE=InnoDB DEFAULT CHARSET=utf8 COLLATE=utf8_unicode_ci;

--
-- Dumping data untuk tabel `kelurahans`
--

INSERT INTO `kelurahans` (`id`, `kecamatan_id`, `nama`, `created_at`, `updated_at`, `lat`, `lng`) VALUES
(1, 1, 'Balongbendo', '2020-04-23 18:24:56', '2020-05-11 21:59:18', -7.40945450, 112.54983890),
(2, 1, 'Bakalan Wringinpitu', '2020-04-23 18:24:56', '2020-07-17 12:42:49', -7.41698490, 112.52479020),
(3, 1, 'Bakung Pringgodani', '2020-04-23 18:24:56', '2020-07-17 12:42:49', -7.41182580, 112.50513930),
(4, 1, 'Bakung Temenggungan', '2020-04-23 18:24:56', '2020-07-17 12:42:49', -7.42256320, 112.49321910),
(6, 1, 'Bogem Pinggir', '2020-04-23 18:24:56', '2020-07-17 12:42:50', -7.40681330, 112.51631440),
(7, 1, 'Gagang Kepuhsari', '2020-04-23 18:24:56', '2020-07-17 12:42:50', -7.42792640, 112.53493920),
(8, 1, 'Jabaran', '2020-04-23 18:24:56', '2020-05-11 21:59:21', -7.41687220, 112.55281880),
(9, 1, 'Jeruk Legi', '2020-04-23 18:24:56', '2020-07-17 12:42:51', -7.40156300, 112.55579870),
(10, 1, 'Kedung Sukodani', '2020-04-23 18:24:56', '2020-07-17 12:42:51', -7.41514160, 112.49023910),
(11, 1, 'Kemangsen', '2020-04-23 18:24:56', '2020-05-11 21:59:22', -7.41473810, 112.56920820),
(12, 1, 'Penambangan', '2020-04-23 18:24:56', '2020-05-11 21:59:22', -7.40772000, 112.53493920),
(13, 1, 'Seduri', '2020-04-23 18:24:56', '2020-05-11 21:59:23', -7.41893000, 112.51407940),
(14, 1, 'Seketi', '2020-04-23 18:24:56', '2020-05-11 21:59:24', -7.43020830, 112.56324850),
(15, 1, 'Singkalan', '2020-04-23 18:24:56', '2020-05-11 21:59:24', -7.42453780, 112.47980880),
(16, 1, 'Sumokembangsri', '2020-04-23 18:24:56', '2020-05-11 21:59:25', -7.42832630, 112.50364930),
(17, 1, 'Suwaluh', '2020-04-23 18:24:56', '2020-05-11 21:59:27', -7.42003150, 112.54089910),
(18, 1, 'Waruberon', '2020-04-23 18:24:56', '2020-05-11 21:59:28', -7.42319090, 112.52897930),
(19, 1, 'Watesari', '2020-04-23 18:24:56', '2020-05-11 21:59:30', -7.42429060, 112.55579870),
(20, 1, 'Wonokarang', '2020-04-23 18:24:56', '2020-05-11 21:59:31', -7.41150990, 112.51109930),
(21, 1, 'Wonokupang', '2020-04-23 18:24:56', '2020-05-11 21:59:31', -7.41592940, 112.52301930),
(22, 2, 'Banjarkemantren', '2020-04-23 18:24:56', '2020-05-11 21:59:33', -7.41553840, 112.71968170),
(23, 2, 'Banjarsari', '2020-04-23 18:24:57', '2020-05-11 21:59:34', -7.41442030, 112.74053770),
(24, 2, 'Buduran', '2020-04-23 18:24:57', '2020-05-11 21:59:34', -7.42799390, 112.72266110),
(25, 2, 'Damarsi', '2020-04-23 18:24:57', '2020-05-11 21:59:35', -7.41936660, 112.76586230),
(26, 2, 'Dukuhtengah', '2020-04-23 18:24:57', '2020-05-11 21:59:35', -7.40991780, 112.75394490),
(27, 2, 'Entalsewu', '2020-04-23 18:24:57', '2020-05-11 21:59:36', -7.43163670, 112.70180480),
(28, 2, 'Pagerwojo', '2020-04-23 18:24:57', '2020-05-11 21:59:36', -7.43770640, 112.70627400),
(29, 2, 'Prasung', '2020-04-23 18:24:57', '2020-05-11 21:59:37', -7.43514340, 112.75394490),
(30, 2, 'Sawohan', '2020-04-23 18:24:57', '2020-05-11 21:59:38', -7.45071640, 112.79267590),
(31, 2, 'Sidokepung', '2020-04-23 18:24:57', '2020-05-11 21:59:38', -7.42138290, 112.70478430),
(32, 2, 'Sidokerto', '2020-04-23 18:24:57', '2020-05-11 21:59:39', -7.43099710, 112.71372270),
(33, 2, 'Sidomulyo', '2020-04-23 18:24:57', '2020-05-11 21:59:39', -7.42499090, 112.73159950),
(34, 2, 'Siwalanpanji', '2020-04-23 18:24:57', '2020-05-11 21:59:40', -7.43492350, 112.73457890),
(35, 2, 'Sukorejo', '2020-04-23 18:24:57', '2020-05-11 21:59:40', -7.42326720, 112.71670220),
(36, 2, 'Wadungasih', '2020-04-23 18:24:57', '2020-05-11 21:59:41', -7.41994500, 112.73159950),
(37, 3, 'Balongdowo', '2020-04-23 18:24:57', '2020-05-11 21:59:41', -7.49567440, 112.73159950),
(38, 3, 'Balonggabus', '2020-04-23 18:24:57', '2020-05-11 21:59:42', -7.49363270, 112.72266110),
(39, 3, 'Bligo', '2020-04-23 18:24:57', '2020-05-11 21:59:42', -7.47418090, 112.72042660),
(40, 3, 'Candi', '2020-04-23 18:24:57', '2020-05-11 21:59:43', -7.47718890, 112.71148810),
(41, 3, 'Durungbanjar', '2020-04-23 18:24:58', '2020-05-11 21:59:44', -7.47299340, 112.68392750),
(42, 3, 'Durungbedug', '2020-04-23 18:24:58', '2020-05-11 21:59:44', -7.46353290, 112.67200920),
(43, 3, 'Gelam', '2020-04-23 18:24:58', '2020-05-11 21:59:45', -7.48670010, 112.71074330),
(44, 3, 'Jambangan', '2020-04-23 18:24:58', '2020-05-11 21:59:45', -7.46541690, 112.68392750),
(45, 3, 'Kalipecabean', '2020-04-23 18:24:58', '2020-05-11 21:59:45', -7.48492690, 112.74351710),
(46, 3, 'Karangtanjung', '2020-04-23 18:24:58', '2020-05-11 21:59:46', -7.48514030, 112.69286620),
(47, 3, 'Kebonsari', '2020-04-23 18:24:58', '2020-05-11 21:59:47', -7.48605560, 112.72266110),
(48, 3, 'Kedung Peluk', '2020-04-23 18:24:58', '2020-05-11 21:59:47', -7.49443220, 112.77777950),
(49, 3, 'Kedungkendo', '2020-04-23 18:24:58', '2020-05-11 21:59:47', -7.47740190, 112.69584570),
(50, 3, 'Kendalpecabean', '2020-04-23 18:24:58', '2020-05-11 21:59:48', -7.49519000, 112.74053770),
(51, 3, 'Klurak', '2020-04-23 18:24:58', '2020-05-11 21:59:49', -7.48068250, 112.72862000),
(52, 3, 'Larangan', '2020-04-23 18:24:58', '2020-05-11 21:59:49', -7.46886130, 112.71372270),
(53, 3, 'Ngampelsari', '2020-04-23 18:24:58', '2020-05-11 21:59:50', -7.49395540, 112.71670220),
(54, 3, 'Sepande', '2020-04-23 18:24:58', '2020-05-11 21:59:50', -7.46224980, 112.69584570),
(55, 3, 'Sidodadi', '2020-04-23 18:24:58', '2020-05-11 21:59:51', -7.45784120, 112.68392750),
(57, 3, 'Sumokali', '2020-04-23 18:24:58', '2020-05-11 21:59:51', -7.46982540, 112.69584570),
(58, 3, 'Sumorame', '2020-04-23 18:24:58', '2020-05-11 21:59:52', -7.49460040, 112.70478430),
(59, 3, 'Tenggulunan', '2020-04-23 18:24:58', '2020-05-11 21:59:52', -7.47170800, 112.70776380),
(60, 3, 'Wedoro Klurak', '2020-04-23 18:24:58', '2020-07-17 12:43:15', -7.47514900, 112.73755830),
(61, 4, 'Bangah', '2020-04-23 18:24:59', '2020-05-11 21:59:53', -7.37148370, 112.71819200),
(62, 4, 'Ganting', '2020-04-23 18:24:59', '2020-05-11 21:59:54', -7.39615500, 112.70478430),
(63, 4, 'Gedangan', '2020-04-23 18:24:59', '2020-05-11 21:59:54', -7.38479460, 112.72862000),
(64, 4, 'Gemurung', '2020-04-23 18:24:59', '2020-05-11 21:59:55', -7.39880880, 112.74947590),
(65, 4, 'Karangbong', '2020-04-23 18:24:59', '2020-05-11 21:59:56', -7.40828940, 112.71372270),
(66, 4, 'Keboananom', '2020-04-23 18:24:59', '2020-05-11 21:59:56', -7.39315540, 112.71372270),
(67, 4, 'Keboansikep', '2020-04-23 18:24:59', '2020-05-11 21:59:57', -7.38779340, 112.71968170),
(68, 4, 'Ketajen', '2020-04-23 18:24:59', '2020-05-11 21:59:58', -7.38565750, 112.73606860),
(69, 4, 'Kragan', '2020-04-23 18:24:59', '2020-05-11 21:59:58', -7.40905610, 112.74649650),
(70, 4, 'Punggul', '2020-04-23 18:24:59', '2020-05-11 21:59:59', -7.40094720, 112.73870060),
(71, 4, 'Sawotratap', '2020-04-23 18:24:59', '2020-05-11 22:00:00', -7.37084860, 112.73010980),
(72, 4, 'Semambung', '2020-04-23 18:24:59', '2020-05-11 22:00:01', -7.37659480, 112.74053770),
(73, 4, 'Sruni', '2020-04-23 18:24:59', '2020-05-11 22:00:02', -7.39772180, 112.72266110),
(74, 4, 'Tebel', '2020-04-23 18:25:00', '2020-05-11 22:00:03', -7.40749180, 112.72862000),
(75, 4, 'Wedi', '2020-04-23 18:25:00', '2020-05-11 22:00:04', -7.38636090, 112.74649650),
(76, 5, 'Balongtani', '2020-04-23 18:25:00', '2020-05-11 22:00:04', -7.55265520, 112.75245530),
(77, 5, 'Besuki', '2020-04-23 18:25:00', '2020-05-11 22:00:05', -7.53927680, 112.71968170),
(78, 5, 'Dukuhsari', '2020-04-23 18:25:00', '2020-05-11 22:00:06', -7.54922600, 112.72266110),
(79, 5, 'Jemirahan', '2020-04-23 18:25:00', '2020-05-11 22:00:06', -7.54723060, 112.73606860),
(80, 5, 'Keboguyang', '2020-04-23 18:25:00', '2020-05-11 22:00:07', -7.53846520, 112.73457890),
(81, 5, 'Kedungcangkring', '2020-04-23 18:25:00', '2020-05-11 22:00:07', -7.54718520, 112.71372270),
(82, 5, 'Kedungpandan', '2020-04-23 18:25:00', '2020-05-11 22:00:08', -7.57265500, 112.76809680),
(83, 5, 'Kedungrejo', '2020-04-23 18:25:00', '2020-05-11 22:00:12', -7.56647770, 112.75394490),
(84, 5, 'Kupang', '2020-04-23 18:25:00', '2020-05-11 22:00:13', -7.53362520, 112.84630070),
(85, 5, 'Panggreh', '2020-04-23 18:25:00', '2020-05-11 22:00:13', -7.55648520, 112.72862000),
(86, 5, 'Pejarakan', '2020-04-23 18:25:00', '2020-05-11 22:00:14', -7.54186230, 112.70701890),
(87, 5, 'Permisan', '2020-04-23 18:25:00', '2020-05-11 22:00:15', -7.52881690, 112.79565510),
(88, 5, 'Semambung', '2020-04-23 18:25:00', '2020-05-11 22:00:15', -7.56076920, 112.76586230),
(89, 5, 'Tambak Kalisogo', '2020-04-23 18:25:00', '2020-07-17 12:43:28', -7.55171910, 112.79267590),
(90, 5, 'Trompoasri', '2020-04-23 18:25:00', '2020-05-11 22:00:16', -7.56509040, 112.73308920),
(91, 6, 'Balong Garut', '2020-04-23 18:25:00', '2020-07-17 12:43:29', -7.50066970, 112.63923310),
(92, 6, 'Cangkring', '2020-04-23 18:25:00', '2020-05-11 22:00:17', -7.49822430, 112.60786570),
(93, 6, 'Gading', '2020-04-23 18:25:00', '2020-05-11 22:00:18', -7.52057000, 112.64519250),
(94, 6, 'Jenggot', '2020-04-23 18:25:01', '2020-05-11 22:00:18', -7.51739680, 112.65711110),
(95, 6, 'Kandangan', '2020-04-23 18:25:01', '2020-05-11 22:00:19', -7.50604670, 112.63327370),
(96, 6, 'Kedungrawan', '2020-04-23 18:25:01', '2020-05-11 22:00:19', -7.53186690, 112.64668230),
(97, 6, 'Kedungsumur', '2020-04-23 18:25:01', '2020-05-11 22:00:22', -7.53509410, 112.65711110),
(98, 6, 'Keper', '2020-04-23 18:25:01', '2020-05-11 22:00:24', -7.53595400, 112.66456020),
(99, 6, 'Keret', '2020-04-23 18:25:01', '2020-05-11 22:00:24', -7.48442340, 112.61241560),
(100, 6, 'Krembung', '2020-04-23 18:25:01', '2020-05-11 22:00:25', -7.50787370, 112.62284470),
(101, 6, 'Lemujut', '2020-04-23 18:25:01', '2020-05-11 22:00:25', -7.50195580, 112.61539530),
(102, 6, 'Mojoruntut', '2020-04-23 18:25:01', '2020-05-11 22:00:26', -7.51766430, 112.62880410),
(103, 6, 'Ploso', '2020-04-23 18:25:01', '2020-05-11 22:00:26', -7.51029710, 112.64817210),
(104, 6, 'Rejeni', '2020-04-23 18:25:01', '2020-05-11 22:00:26', -7.50690820, 112.64072290),
(105, 6, 'Tambakrejo', '2020-04-23 18:25:01', '2020-05-11 22:00:27', -7.54639250, 112.65860090),
(106, 6, 'Tanjek Wagir', '2020-04-23 18:25:01', '2020-07-17 12:43:36', -7.52880060, 112.63327370),
(107, 6, 'Wangkal', '2020-04-23 18:25:01', '2020-05-11 22:00:28', -7.52750890, 112.65711110),
(108, 6, 'Waung', '2020-04-23 18:25:01', '2020-05-11 22:00:28', -7.50949130, 112.66307030),
(109, 6, 'Wonomlati', '2020-04-23 18:25:01', '2020-05-11 22:00:29', -7.49744120, 112.62880410),
(110, 7, 'Bareng Krajan', '2020-04-23 18:25:01', '2020-05-11 22:00:29', -7.37884190, 112.60347630),
(111, 7, 'Gamping', '2020-04-23 18:25:01', '2020-05-11 22:00:30', -7.41701860, 112.59751670),
(112, 7, 'Jatikalang', '2020-04-23 18:25:01', '2020-05-11 22:00:30', -7.38782750, 112.62433460),
(113, 7, 'Jeruk Gamping', '2020-04-23 18:25:01', '2020-07-17 12:43:39', -7.41749480, 112.58857720),
(114, 7, 'Junwangi', '2020-04-23 18:25:01', '2020-05-11 22:00:31', -7.40644440, 112.60645600),
(115, 7, 'Katerungan', '2020-04-23 18:25:01', '2020-05-11 22:00:32', -7.41797080, 112.57963770),
(116, 7, 'Keboharan', '2020-04-23 18:25:01', '2020-05-11 22:00:32', -7.38696160, 112.61688520),
(117, 7, 'Kemasan', '2020-04-23 18:25:01', '2020-05-11 22:00:33', -7.40337140, 112.59304700),
(118, 7, 'Kraton', '2020-04-23 18:25:01', '2020-05-11 22:00:33', -7.40597980, 112.56771830),
(119, 7, 'Krian', '2020-04-23 18:25:01', '2020-07-17 12:43:42', -7.41074970, 112.58485250),
(120, 7, 'Ponokawan', '2020-04-23 18:25:02', '2020-05-11 22:00:35', -7.39177560, 112.59751670),
(121, 7, 'Sedengan Mijen', '2020-04-23 18:25:02', '2020-07-17 12:43:43', -7.42775430, 112.58559740),
(122, 7, 'Sidomojo', '2020-04-23 18:25:02', '2020-05-11 22:00:36', -7.39477420, 112.58857720),
(123, 7, 'Sidomulyo', '2020-04-23 18:25:02', '2020-05-11 22:00:36', -7.39422390, 112.57516800),
(124, 7, 'Sidorejo', '2020-04-23 18:25:02', '2020-05-11 22:00:37', -7.37648200, 112.61186880),
(125, 7, 'Tambak Kemerakan', '2020-04-23 18:25:02', '2020-07-17 12:43:44', -7.40266360, 112.58261760),
(126, 7, 'Tempel', '2020-04-23 18:25:02', '2020-05-11 22:00:39', -7.37947380, 112.59155710),
(127, 7, 'Terik', '2020-04-23 18:25:02', '2020-05-11 22:00:40', -7.41417640, 112.60347630),
(128, 7, 'Terung Kulon', '2020-04-23 18:25:02', '2020-07-17 12:43:46', NULL, NULL),
(129, 7, 'Terung Wetan', '2020-04-23 18:25:02', '2020-07-17 12:43:46', NULL, NULL),
(130, 7, 'Tropodo', '2020-04-23 18:25:02', '2020-05-11 22:00:41', -7.42957310, 112.57516800),
(131, 7, 'Watugolong', '2020-04-23 18:25:02', '2020-05-11 22:00:41', -7.38704440, 112.59155710),
(132, 8, 'Candipari', '2020-04-23 18:25:02', '2020-05-11 22:00:42', -7.52116060, 112.68094790),
(133, 8, 'Gedang', '2020-04-23 18:25:02', '2020-05-11 22:00:43', -7.53282840, 112.69882520),
(135, 8, 'Jatirejo', '2020-04-23 18:25:02', '2020-05-11 22:00:43', -7.53234240, 112.70776380),
(136, 8, 'Juwet Kenongo', '2020-04-23 18:25:02', '2020-07-17 12:43:49', NULL, NULL),
(137, 8, 'Kebakalan', '2020-04-23 18:25:02', '2020-05-11 22:00:45', -7.52922900, 112.67200920),
(138, 8, 'Kebonagung', '2020-04-23 18:25:02', '2020-05-11 22:00:45', -7.55586030, 112.67051940),
(139, 8, 'Kedungboto', '2020-04-23 18:25:02', '2020-05-11 22:00:46', -7.51406240, 112.67200920),
(140, 8, 'Kedungsolo', '2020-04-23 18:25:02', '2020-05-11 22:00:46', -7.54170860, 112.67498880),
(141, 8, 'Kesambi', '2020-04-23 18:25:02', '2020-05-11 22:00:46', -7.53363800, 112.68392750),
(142, 8, 'Lajuk', '2020-04-23 18:25:02', '2020-05-11 22:00:47', -7.52078510, 112.66456020),
(143, 8, 'Mindi', '2020-04-23 18:25:02', '2020-05-11 22:00:48', -7.54025010, 112.70180480),
(144, 8, 'Pamotan', '2020-04-23 18:25:02', '2020-05-11 22:00:49', -7.52573080, 112.68988660),
(145, 8, 'Pesawahan', '2020-04-23 18:25:02', '2020-05-11 22:00:51', -7.50868510, 112.67796840),
(146, 8, 'Plumbon', '2020-04-23 18:25:02', '2020-05-11 22:00:51', -7.52001210, 112.77182090),
(147, 8, 'Porong', '2020-04-23 18:25:02', '2020-05-11 22:00:52', -7.54342680, 112.68988660),
(148, 8, 'Renokenongo', '2020-04-23 18:25:02', '2020-05-11 22:00:52', -7.52798410, 112.71819200),
(149, 8, 'Siring', '2020-04-23 18:25:03', '2020-05-11 22:00:53', -7.52492180, 112.70478430),
(150, 8, 'Wunut', '2020-04-23 18:25:03', '2020-05-11 22:00:55', -7.51949280, 112.68839690),
(151, 9, 'Bendotretek', '2020-04-23 18:25:03', '2020-05-11 22:00:55', -7.44536530, 112.56324850),
(152, 9, 'Bulang', '2020-04-23 18:25:03', '2020-05-11 22:00:56', -7.49399120, 112.59900660),
(153, 9, 'Cangkringturi', '2020-04-23 18:25:03', '2020-05-11 22:00:56', -7.45253500, 112.59453690),
(154, 9, 'Gampang', '2020-04-23 18:25:03', '2020-05-11 22:00:58', -7.48253700, 112.60049650),
(155, 9, 'Gedangrowo', '2020-04-23 18:25:03', '2020-05-11 22:00:58', -7.47402680, 112.57069820),
(156, 9, 'Jati Alun-Alun', '2020-04-23 18:25:03', '2020-07-17 12:43:59', NULL, NULL),
(157, 9, 'Jatikalang', '2020-04-23 18:25:03', '2020-05-11 22:00:59', -7.47463530, 112.60645600),
(158, 9, 'Jedong cangkring', '2020-04-23 18:25:03', '2020-05-11 22:01:01', -7.45694920, 112.60645600),
(159, 9, 'Kajartrengguli', '2020-04-23 18:25:03', '2020-05-11 22:01:02', -7.46929130, 112.56473840),
(160, 9, 'Kedungkembar', '2020-04-23 18:25:03', '2020-05-11 22:01:03', -7.46366460, 112.59900660),
(161, 9, 'Kedungsugo', '2020-04-23 18:25:03', '2020-05-11 22:01:03', -7.46935730, 112.58708730),
(162, 9, 'Kedungwonokerto', '2020-04-23 18:25:03', '2020-05-11 22:01:04', -7.45988800, 112.57516800),
(163, 9, 'Pejangkungan', '2020-04-23 18:25:03', '2020-05-11 22:01:06', -7.47527530, 112.59453690),
(164, 9, 'Prambon', '2020-04-23 18:25:03', '2020-05-11 22:01:06', -7.46992960, 112.55281880),
(165, 9, 'Simogirang', '2020-04-23 18:25:03', '2020-05-11 22:01:07', -7.44306770, 112.58261760),
(166, 9, 'Simpang', '2020-04-23 18:25:03', '2020-05-11 22:01:07', -7.48554490, 112.59155710),
(167, 9, 'Temu', '2020-04-23 18:25:03', '2020-05-11 22:01:08', -7.44607150, 112.57367800),
(168, 9, 'Watutulis', '2020-04-23 18:25:03', '2020-05-11 22:01:08', -7.43612600, 112.57069820),
(169, 9, 'Wirobiting', '2020-04-23 18:25:03', '2020-05-11 22:01:09', -7.48349750, 112.58261760),
(170, 9, 'Wonoplintahan', '2020-04-23 18:25:03', '2020-05-11 22:01:09', -7.45349150, 112.57665790),
(190, 11, 'Banjar Kemuning', '2020-04-23 18:25:04', '2020-07-17 12:44:06', -7.38716890, 112.80780850),
(191, 11, 'Betro', '2020-04-23 18:25:04', '2020-05-11 22:01:26', -7.38342730, 112.77777950),
(192, 11, 'Buncitan', '2020-04-23 18:25:04', '2020-05-11 22:01:27', -7.39973370, 112.77926920),
(193, 11, 'Cemandi', '2020-04-23 18:25:04', '2020-05-11 22:01:29', -7.39287190, 112.78969660),
(194, 11, 'Gisikcemandi', '2020-04-23 18:25:04', '2020-05-11 22:01:30', -7.38853190, 112.80012400),
(195, 11, 'Kalanganyar', '2020-04-23 18:25:04', '2020-05-11 22:01:32', -7.43397230, 112.82246780),
(196, 11, 'Kwangsan', '2020-04-23 18:25:04', '2020-05-11 22:01:32', -7.40573540, 112.76139330),
(197, 11, 'Pabean', '2020-04-23 18:25:04', '2020-05-11 22:01:33', -7.36823790, 112.75543460),
(198, 11, 'Pepe', '2020-04-23 18:25:04', '2020-05-11 22:01:33', -7.40391530, 112.77182090),
(199, 11, 'Pranti', '2020-04-23 18:25:04', '2020-05-11 22:01:34', -7.36916740, 112.78522770),
(200, 11, 'Pulungan', '2020-04-23 18:25:04', '2020-05-11 22:01:34', -7.39442030, 112.77256580),
(201, 11, 'Sedati agung', '2020-04-23 18:25:04', '2020-05-11 22:01:35', -7.38084110, 112.75543460),
(202, 11, 'Sedati gede', '2020-04-23 18:25:04', '2020-05-11 22:01:35', -7.37564040, 112.75841400),
(203, 11, 'Segorotambak', '2020-04-23 18:25:04', '2020-05-11 22:01:36', -7.36607580, 112.81948870),
(204, 11, 'Semampir', '2020-04-23 18:25:04', '2020-05-11 22:01:37', -7.36980400, 112.77331060),
(205, 11, 'Tambakcemandi', '2020-04-23 18:25:05', '2020-05-11 22:01:38', -7.39899510, 112.81650950),
(206, 12, 'Banjarbendo', '2020-04-23 18:25:05', '2020-05-11 22:01:42', -7.45215040, 112.69584570),
(207, 12, 'Bluru Kidul', '2020-04-23 18:25:05', '2020-07-17 12:44:13', -7.45124720, 112.73606860),
(208, 12, 'Cemengbakalan', '2020-04-23 18:25:05', '2020-05-11 22:01:43', -7.43559900, 112.67498880),
(209, 12, 'Jati', '2020-04-23 18:25:05', '2020-05-11 22:01:44', -7.44457690, 112.69584570),
(210, 12, 'Lebo', '2020-04-23 18:25:05', '2020-05-11 22:01:45', -7.45477440, 112.67051940),
(211, 12, 'Rangka Kidul', '2020-04-23 18:25:05', '2020-05-11 22:01:45', NULL, NULL),
(212, 12, 'Sarirogo', '2020-04-23 18:25:05', '2020-05-11 22:01:47', -7.42770730, 112.68094790),
(213, 12, 'Suko', '2020-04-23 18:25:05', '2020-05-11 22:01:48', -7.43461210, 112.68526590),
(214, 12, 'Bulusidokare', '2020-04-23 18:25:05', '2020-05-11 22:01:48', -7.46064420, 112.72564060),
(215, 12, 'Celep', '2020-04-23 18:25:05', '2020-05-11 22:01:49', -7.46550430, 112.71744710),
(216, 12, 'Cemengkalang', '2020-04-23 18:25:05', '2020-05-11 22:01:49', -7.44253270, 112.68690710),
(217, 12, 'Gebang', '2020-04-23 18:25:05', '2020-05-11 22:01:50', -7.48100040, 112.79267590),
(218, 12, 'Lemahputro', '2020-04-23 18:25:05', '2020-05-11 22:01:50', -7.45623740, 112.71372270),
(219, 12, 'Magersari', '2020-04-23 18:25:05', '2020-05-11 22:01:51', -7.44630040, 112.71074330),
(220, 12, 'Pekauman', '2020-04-23 18:25:05', '2020-05-11 22:01:51', -7.45666790, 112.71744710),
(221, 12, 'Pucang', '2020-04-23 18:25:05', '2020-05-11 22:01:52', -7.44077170, 112.71968170),
(222, 12, 'Pucanganom', '2020-04-23 18:25:05', '2020-05-11 22:01:52', -7.46005730, 112.75990360),
(223, 12, 'Sekardangan', '2020-04-23 18:25:05', '2020-05-11 22:01:53', -7.46585420, 112.72266110),
(224, 12, 'Sidokare', '2020-04-23 18:25:05', '2020-05-11 22:01:53', -7.46144730, 112.71074330),
(225, 12, 'Sidoklumpuk', '2020-04-23 18:25:05', '2020-05-11 22:01:55', -7.44818320, 112.72266110),
(226, 12, 'Sidokumpul', '2020-04-23 18:25:05', '2020-05-11 22:01:55', -7.45169940, 112.71595740),
(227, 12, 'Urangagung', '2020-04-23 18:25:06', '2020-05-11 22:01:58', -7.43355370, 112.66605000),
(228, 13, 'Anggaswangi', '2020-04-23 18:25:06', '2020-05-11 22:01:58', -7.41997650, 112.68392750),
(229, 13, 'Bangsri', '2020-04-23 18:25:06', '2020-05-11 22:01:59', -7.38442670, 112.66456020),
(230, 13, 'Cangkringsari', '2020-04-23 18:25:06', '2020-05-11 22:01:59', -7.40051630, 112.64668230),
(231, 13, 'Jumputrejo', '2020-04-23 18:25:06', '2020-05-11 22:02:00', -7.40806400, 112.69435590),
(232, 13, 'Kebon Agung', '2020-04-23 18:25:06', '2020-05-11 22:02:01', -7.41911340, 112.67647860),
(233, 13, 'Kloposepuluh', '2020-04-23 18:25:06', '2020-05-11 22:02:02', -7.39829130, 112.68839690),
(234, 13, 'Jogosatru', '2020-04-23 18:25:06', '2020-05-11 22:02:03', -7.39761570, 112.63074270),
(235, 13, 'Masangan kulon', '2020-04-23 18:25:06', '2020-05-11 22:02:04', -7.38315730, 112.68839690),
(236, 13, 'Masangan wetan', '2020-04-23 18:25:06', '2020-05-11 22:02:04', -7.39142870, 112.69882520),
(237, 13, 'Ngaresrejo', '2020-04-23 18:25:06', '2020-05-11 22:02:05', -7.38955850, 112.63923310),
(238, 13, 'Pademonegoro', '2020-04-23 18:25:06', '2020-05-11 22:02:05', -7.40492750, 112.65860090),
(239, 13, 'Panjunan', '2020-04-23 18:25:06', '2020-05-11 22:02:06', -7.38261040, 112.67498880),
(240, 13, 'Pekarungan', '2020-04-23 18:25:06', '2020-05-11 22:02:06', -7.40815580, 112.66902960),
(241, 13, 'Plumbungan', '2020-04-23 18:25:06', '2020-05-11 22:02:08', -7.39349400, 112.66009070),
(242, 13, 'Sambungrejo', '2020-04-23 18:25:06', '2020-05-11 22:02:09', -7.38892430, 112.65115180),
(243, 13, 'Sukodono', '2020-04-23 18:25:06', '2020-05-11 22:02:10', -7.39388190, 112.67647860),
(244, 13, 'Sukolegok', '2020-04-23 18:25:06', '2020-05-11 22:02:11', -7.37742610, 112.69621310),
(245, 13, 'Suruh', '2020-04-23 18:25:06', '2020-05-11 22:02:13', -7.40499610, 112.68094790),
(246, 13, 'Wilayut', '2020-04-23 18:25:06', '2020-05-11 22:02:13', -7.41856860, 112.66307030),
(247, 14, 'Bohar', '2020-04-23 18:25:06', '2020-05-11 22:02:14', -7.38086420, 112.70776380),
(248, 14, 'Bringinbendo', '2020-04-23 18:25:06', '2020-05-11 22:02:15', -7.37347250, 112.65711110),
(249, 14, 'Geluran', '2020-04-23 18:25:07', '2020-05-11 22:02:15', -7.36400740, 112.69286620),
(250, 14, 'Gilang', '2020-04-23 18:25:07', '2020-05-11 22:02:16', -7.36275220, 112.66902960),
(251, 14, 'Jemundo', '2020-04-23 18:25:07', '2020-05-11 22:02:17', -7.36834380, 112.68243770),
(252, 14, 'Kedungturi', '2020-04-23 18:25:07', '2020-05-11 22:02:17', -7.35849030, 112.70180480),
(253, 14, 'Kragan', '2020-04-23 18:25:07', '2020-05-11 22:02:18', -7.40905610, 112.74649650),
(254, 14, 'Kletek', '2020-04-23 18:25:07', '2020-05-11 22:02:18', -7.35943990, 112.68392750),
(255, 14, 'Kramatjegu', '2020-04-23 18:25:07', '2020-05-11 22:02:19', -7.38230640, 112.63327370),
(256, 14, 'Krembangan', '2020-04-23 18:25:07', '2020-05-11 22:02:20', -7.35802550, 112.66307030),
(257, 14, 'Pertapan Maduretno', '2020-04-23 18:25:07', '2020-07-17 12:44:37', NULL, NULL),
(258, 14, 'Sadang', '2020-04-23 18:25:07', '2020-05-11 22:02:22', -7.37724900, 112.68094790),
(259, 14, 'Sambibulu', '2020-04-23 18:25:07', '2020-05-11 22:02:23', -7.37283910, 112.66902960),
(260, 14, 'Sidodadi', '2020-04-23 18:25:07', '2020-05-11 22:02:23', -7.38167300, 112.64519250),
(261, 14, 'Tawangsari', '2020-04-23 18:25:07', '2020-05-11 22:02:25', -7.35471400, 112.67796840),
(262, 14, 'Trosobo', '2020-04-23 18:25:07', '2020-05-11 22:02:26', -7.37205770, 112.63625340),
(263, 14, 'Wage', '2020-04-23 18:25:07', '2020-05-11 22:02:26', -7.36825730, 112.70776380),
(264, 14, 'Bebekan', '2020-04-23 18:25:07', '2020-05-11 22:02:27', -7.34403670, 112.70105990),
(266, 14, 'Kalijaten', '2020-04-23 18:25:07', '2020-05-11 22:02:28', -7.35423970, 112.68690710),
(267, 14, 'Ketegan', '2020-04-23 18:25:07', '2020-05-11 22:02:29', -7.34793330, 112.71074330),
(268, 14, 'Ngelom', '2020-04-23 18:25:07', '2020-05-11 22:02:30', -7.34852840, 112.68765200),
(269, 14, 'Sepanjang', '2020-04-23 18:25:07', '2020-05-11 22:02:30', -7.34053100, 112.70776380),
(270, 14, 'Taman', '2020-04-23 18:25:07', '2020-05-11 22:02:32', -7.36629720, 112.67349900),
(271, 14, 'Wonocolo', '2020-04-23 18:25:07', '2020-05-11 22:02:34', -7.34620350, 112.69584570),
(272, 15, 'Kalitengah', '2020-04-23 18:25:07', '2020-05-11 22:02:36', -7.50927460, 112.71372270),
(273, 15, 'Kludan', '2020-04-23 18:25:08', '2020-05-11 22:02:37', -7.50250210, 112.69882520),
(274, 15, 'Boro', '2020-04-23 18:25:08', '2020-05-11 22:02:39', -7.49669660, 112.70105990),
(275, 15, 'Ngaban', '2020-04-23 18:25:08', '2020-05-11 22:02:40', -7.50389850, 112.71968170),
(276, 15, 'Putat', '2020-04-23 18:25:08', '2020-05-11 22:02:40', -7.50577840, 112.73159950),
(277, 15, 'Kedungbanteng', '2020-04-23 18:25:08', '2020-05-11 22:02:42', -7.50142360, 112.74202740),
(278, 15, 'Banjarpanji', '2020-04-23 18:25:08', '2020-05-11 22:02:43', -7.50990830, 112.77182090),
(279, 15, 'Banjarsari', '2020-04-23 18:25:08', '2020-05-11 22:02:44', -7.50701040, 112.75543460),
(280, 15, 'Penatarsewu', '2020-04-23 18:25:08', '2020-05-11 22:02:45', -7.51593260, 112.75394490),
(281, 15, 'Kalidawir', '2020-04-23 18:25:08', '2020-05-11 22:02:47', -7.51319570, 112.73457890),
(282, 15, 'Gempolsari', '2020-04-23 18:25:08', '2020-05-11 22:02:48', -7.51620780, 112.72564060),
(283, 15, 'Kedungbendo', '2020-04-23 18:25:08', '2020-05-11 22:02:48', -7.51819930, 112.71223300),
(284, 15, 'Ketapang', '2020-04-23 18:25:08', '2020-05-11 22:02:49', -7.51481310, 112.70478430),
(285, 15, 'Kalisampurno', '2020-04-23 18:25:08', '2020-05-11 22:02:49', -7.50755550, 112.69882520),
(286, 15, 'Kedensari', '2020-04-23 18:25:08', '2020-05-11 22:02:50', -7.50551280, 112.68988660),
(287, 15, 'Ketegan', '2020-04-23 18:25:08', '2020-05-11 22:02:50', -7.49556730, 112.68690710),
(288, 15, 'Ganggang Panjang', '2020-04-23 18:25:08', '2020-07-17 12:44:51', -7.48610550, 112.67498880),
(289, 15, 'Randegan', '2020-04-23 18:25:08', '2020-05-11 22:02:51', -7.49992120, 112.67647860),
(290, 16, 'Balongmacekan', '2020-04-23 18:25:08', '2020-05-11 22:02:52', -7.44941000, 112.51109930),
(291, 16, 'Gampingrowo', '2020-04-23 18:25:08', '2020-05-11 22:02:54', -7.44530700, 112.49321910),
(292, 16, 'Gedangklutuk', '2020-04-23 18:25:08', '2020-05-11 22:02:54', -7.44497660, 112.54685900),
(293, 16, 'Janti', '2020-04-23 18:25:08', '2020-05-11 22:02:55', -7.43274620, 112.51556940),
(294, 16, 'Kalimati', '2020-04-23 18:25:08', '2020-05-11 22:02:55', -7.45492500, 112.54983890),
(295, 16, 'Kedungbocok', '2020-04-23 18:25:08', '2020-05-11 22:02:56', -7.45423340, 112.49172910),
(296, 16, 'Kedinding', '2020-04-23 18:25:08', '2020-05-11 22:02:57', -7.43621320, 112.54536900),
(297, 16, 'Kemuning', '2020-04-23 18:25:08', '2020-05-11 22:02:58', -7.44253640, 112.52152930),
(298, 16, 'Kendalsewu', '2020-04-23 18:25:08', '2020-05-11 22:03:00', -7.46045710, 112.54089910),
(299, 16, 'Klantingsari', '2020-04-23 18:25:09', '2020-05-11 22:03:01', -7.46250660, 112.54983890),
(300, 16, 'Kramattemanggung', '2020-04-23 18:25:09', '2020-05-11 22:03:02', -7.43409430, 112.46639840),
(301, 16, 'Mergobener', '2020-04-23 18:25:09', '2020-05-11 22:03:02', -7.46614930, 112.52897930),
(302, 16, 'Mergosari', '2020-04-23 18:25:09', '2020-05-11 22:03:03', -7.45856630, 112.52897930),
(303, 16, 'Mindugading', '2020-04-23 18:25:09', '2020-05-11 22:03:04', -7.43740800, 112.49917920),
(304, 16, 'Mliriprowo', '2020-04-23 18:25:09', '2020-05-11 22:03:07', -7.44033430, 112.46788840),
(305, 16, 'Sebani', '2020-04-23 18:25:09', '2020-05-11 22:03:08', -7.43970120, 112.47980880),
(306, 16, 'Segodo Bacang', '2020-04-23 18:25:09', '2020-05-11 22:03:09', -7.43566410, 112.53195930),
(308, 16, 'Tarik', '2020-04-23 18:25:09', '2020-05-11 22:03:12', -7.45920250, 112.51705940),
(309, 17, 'Gelang', '2020-04-23 18:25:09', '2020-05-11 22:03:13', -7.50120940, 112.65264160),
(311, 17, 'Grinting', '2020-04-23 18:25:09', '2020-05-11 22:03:15', -7.45637460, 112.64072290),
(312, 17, 'Grogol', '2020-04-23 18:25:09', '2020-05-11 22:03:17', -7.46180850, 112.65711110),
(313, 17, 'Janti', '2020-04-23 18:25:09', '2020-05-11 22:03:17', -7.47888850, 112.62135480),
(314, 17, 'Jiken', '2020-04-23 18:25:09', '2020-05-11 22:03:18', -7.50459780, 112.66009070),
(315, 17, 'Kajeksan', '2020-04-23 18:25:09', '2020-05-11 22:03:20', -7.46846170, 112.62731430),
(316, 17, 'Kebaron', '2020-04-23 18:25:09', '2020-05-11 22:03:21', -7.48733200, 112.62880410),
(317, 17, 'Kemantren', '2020-04-23 18:25:09', '2020-05-11 22:03:22', -7.46734070, 112.64817210),
(318, 17, 'Kenongo', '2020-04-23 18:25:09', '2020-05-11 22:03:24', -7.48636880, 112.64668230),
(319, 17, 'Kepatihan', '2020-04-23 18:25:09', '2020-05-11 22:03:24', -7.48706990, 112.65711110),
(320, 17, 'Kepadangan', '2020-04-23 18:25:09', '2020-05-11 22:03:25', -7.47808700, 112.63625340),
(321, 17, 'Kepuh Kemiri', '2020-04-23 18:25:10', '2020-05-11 22:03:27', -7.45298570, 112.63327370),
(322, 17, 'Kepunten', '2020-04-23 18:25:10', '2020-05-11 22:03:29', -7.45867670, 112.62135480),
(323, 17, 'Medalem', '2020-04-23 18:25:10', '2020-05-11 22:03:32', -7.47427760, 112.66009070),
(324, 17, 'Modong', '2020-04-23 18:25:10', '2020-05-11 22:03:32', -7.45723750, 112.64817210),
(325, 17, 'Pangkemiri', '2020-04-23 18:25:10', '2020-05-11 22:03:33', -7.49416770, 112.66605000),
(326, 17, 'Singopadu', '2020-04-23 18:25:10', '2020-05-11 22:03:33', -7.47287380, 112.63923310),
(327, 17, 'Sudimoro', '2020-04-23 18:25:10', '2020-05-11 22:03:35', -7.47395660, 112.66605000),
(328, 17, 'Tlasih', '2020-04-23 18:25:10', '2020-05-11 22:03:36', -7.47383490, 112.62135480),
(329, 17, 'Tulangan', '2020-04-23 18:25:10', '2020-05-11 22:03:37', -7.47728510, 112.65115180),
(330, 18, 'Brebek', '2020-04-23 18:25:10', '2020-05-11 22:03:38', -7.34272220, 112.76139330),
(331, 18, 'Bungurasih', '2020-04-23 18:25:10', '2020-05-11 22:03:40', -7.34745870, 112.71968170),
(332, 18, 'Janti', '2020-04-23 18:25:10', '2020-05-11 22:03:40', -7.34887040, 112.74053770),
(333, 18, 'Kedungrejo', '2020-04-23 18:25:10', '2020-05-11 22:03:41', -7.35186560, 112.73159950),
(334, 18, 'Kepuhkiriman', '2020-04-23 18:25:10', '2020-05-11 22:03:42', -7.35280010, 112.76139330),
(335, 18, 'Kureksari', '2020-04-23 18:25:10', '2020-05-11 22:03:44', -7.36178820, 112.73457890),
(336, 18, 'Medaeng', '2020-04-23 18:25:10', '2020-05-11 22:03:46', -7.35517790, 112.71670220),
(337, 18, 'Ngingas', '2020-04-23 18:25:10', '2020-05-11 22:03:46', -7.36013140, 112.74202740),
(338, 18, 'Pepelegi', '2020-04-23 18:25:10', '2020-05-11 22:03:47', -7.36510200, 112.71968170),
(339, 18, 'Tambakoso', '2020-04-23 18:25:10', '2020-05-11 22:03:47', -7.35128000, 112.81353040),
(341, 18, 'Tambaksawah', '2020-04-23 18:25:10', '2020-05-11 22:03:49', -7.36428680, 112.78224850),
(342, 18, 'Tambaksumur', '2020-04-23 18:25:10', '2020-05-11 22:03:50', -7.34680930, 112.77926920),
(343, 18, 'Tropodo', '2020-04-23 18:25:10', '2020-05-11 22:03:51', -7.35883920, 112.75837520),
(344, 18, 'Wadungasri', '2020-04-23 18:25:10', '2020-05-11 22:03:51', -7.34476600, 112.77033130),
(345, 18, 'Waru', '2020-04-23 18:25:11', '2020-05-11 22:03:52', -7.36210550, 112.72862000),
(346, 18, 'Wedoro', '2020-04-23 18:25:11', '2020-05-11 22:03:52', -7.34839500, 112.74947590),
(347, 19, 'Becirongengor', '2020-04-23 18:25:11', '2020-05-11 22:03:53', -7.41211100, 112.64221280),
(348, 19, 'Candinegoro', '2020-04-23 18:25:11', '2020-05-11 22:03:55', -7.40833390, 112.61837510),
(349, 19, 'Jimbarankulon', '2020-04-23 18:25:11', '2020-05-11 22:03:56', -7.43724210, 112.63252880),
(350, 19, 'Jimbaranwetan', '2020-04-23 18:25:11', '2020-05-11 22:03:56', -7.44465810, 112.63550850),
(351, 19, 'Karangpuri', '2020-04-23 18:25:11', '2020-05-11 22:03:57', -7.40754000, 112.63327370),
(352, 19, 'Ketimang', '2020-04-23 18:25:11', '2020-05-11 22:03:57', -7.44477050, 112.64519250),
(353, 19, 'Lambangan', '2020-04-23 18:25:11', '2020-05-11 22:03:59', -7.42252580, 112.63625340),
(354, 19, 'Mojorangagung', '2020-04-23 18:25:11', '2020-05-11 22:04:00', -7.43320200, 112.66083560),
(355, 19, 'Mulyodadi', '2020-04-23 18:25:11', '2020-05-11 22:04:00', -7.42552790, 112.62731430),
(356, 19, 'Pagerngumbuk', '2020-04-23 18:25:11', '2020-05-11 22:04:01', -7.41843120, 112.61837510),
(357, 19, 'Pilang', '2020-04-23 18:25:11', '2020-05-11 22:04:01', -7.44531410, 112.65860090),
(358, 19, 'Plaosan', '2020-04-23 18:25:11', '2020-05-11 22:04:02', -7.41543000, 112.62731430),
(359, 19, 'Ploso', '2020-04-23 18:25:11', '2020-05-11 22:04:04', -7.43483020, 112.64221280),
(360, 19, 'Popoh', '2020-04-23 18:25:11', '2020-05-11 22:04:05', -7.44352200, 112.62135480),
(361, 19, 'Sawocangkring', '2020-04-23 18:25:11', '2020-05-11 22:04:05', -7.41534010, 112.65264160),
(362, 19, 'Semambung', '2020-04-23 18:25:11', '2020-05-11 22:04:06', -7.43776630, 112.61092570),
(363, 19, 'Simoanginangin', '2020-04-23 18:25:11', '2020-05-11 22:04:06', -7.43706090, 112.60049650),
(364, 19, 'Simoketawang', '2020-04-23 18:25:11', '2020-05-11 22:04:07', -7.44684510, 112.60645600),
(365, 19, 'Sumberejo', '2020-04-23 18:25:11', '2020-05-11 22:04:07', -7.43908180, 112.65711110),
(366, 19, 'Tanggul', '2020-04-23 18:25:11', '2020-05-11 22:04:09', -7.43367050, 112.59304700),
(367, 19, 'Wonoayu', '2020-04-23 18:25:11', '2020-05-11 22:04:10', -7.43578670, 112.62433460),
(368, 19, 'Wonokalang', '2020-04-23 18:25:11', '2020-05-11 22:04:10', -7.42411660, 112.60645600),
(370, 17, 'Grabagan', '2020-04-23 18:25:11', '2020-05-11 22:04:11', -7.45093920, 112.62433460),
(373, 15, 'Tanggulangin', NULL, '2020-05-11 22:04:13', -7.51453990, 112.73308920),
(374, 13, 'Suko', NULL, NULL, -7.37629730, 112.69882520),
(380, 12, 'Kemiri', '2020-06-23 16:49:16', '2020-07-17 12:49:35', -7.44201290, 112.74351710),
(383, 16, 'Gempol Klutuk', '2020-07-17 13:16:02', '2020-07-17 13:16:02', -7.44734430, 112.54983890),
(384, 18, 'Tambak Rejo', '2020-07-17 13:16:02', '2020-07-17 13:16:02', -7.35759020, 112.78969660),
(387, 19, 'wonokasian', '2020-07-17 13:16:04', '2020-07-17 13:16:04', -7.43048510, 112.65264160),
(388, 8, 'GLAGAHARUM', '2020-07-17 13:16:04', '2020-07-17 13:16:04', -7.52733590, 112.73010980),
(389, 17, 'kedondong', '2020-07-17 13:16:05', '2020-07-17 13:16:05', -7.47937080, 112.67490420),
(392, 3, 'Sugihwaras', '2020-07-17 13:16:06', '2020-07-17 13:16:06', -7.47944500, 112.70478430),
(393, 14, 'Tanjungsari', '2020-07-17 13:16:07', '2020-07-17 13:16:07', -7.36478520, 112.65298920),
(398, 16, 'Banjarwungu', '2020-07-17 23:49:43', '2020-07-17 23:49:43', -7.44663740, 112.53940910),
(399, 16, 'Singogalih', '2020-07-18 01:27:34', '2020-07-18 01:27:34', -7.45833610, 112.50960930),
(401, 15, 'Sentul', NULL, NULL, NULL, NULL),
(402, 12, 'Sumput', NULL, NULL, NULL, NULL),
(403, 13, 'Dungus', NULL, NULL, -7.38926890, 112.68020300);

-- --------------------------------------------------------

--
-- Struktur dari tabel `mall`
--

CREATE TABLE `mall` (
  `id` int(11) NOT NULL,
  `nama` varchar(255) COLLATE utf8_unicode_ci NOT NULL,
  `alamat` varchar(255) COLLATE utf8_unicode_ci DEFAULT NULL,
  `kontak` varchar(50) COLLATE utf8_unicode_ci DEFAULT NULL,
  `lat` double(11,8) DEFAULT NULL,
  `lng` double(11,8) DEFAULT NULL,
  `kelurahan_id` bigint(20) UNSIGNED DEFAULT NULL,
  `jadwal` varchar(255) COLLATE utf8_unicode_ci DEFAULT NULL,
  `jumlah` int(11) DEFAULT NULL,
  `created_at` date DEFAULT NULL,
  `updated_at` datetime DEFAULT NULL
) ENGINE=InnoDB DEFAULT CHARSET=utf8 COLLATE=utf8_unicode_ci;

--
-- Dumping data untuk tabel `mall`
--

INSERT INTO `mall` (`id`, `nama`, `alamat`, `kontak`, `lat`, `lng`, `kelurahan_id`, `jadwal`, `jumlah`, `created_at`, `updated_at`) VALUES
(1, 'test', 'test', '1123123', -7.40945450, 112.54983890, 1, 'asdasd', 13123, '2021-01-09', '2021-01-09 00:00:00'),
(15, 'test', 'test', '1123123', -7.40312340, 112.54943789, 1, 'asdasd', 13123, '2021-01-09', '2021-01-09 00:00:00'),
(16, 'test', 'test', '1123123', -7.40876567, 112.54943789, 1, 'asdasd', 13123, '2021-01-09', '2021-01-09 00:00:00'),
(17, 'test', 'test', '1123123', -7.34353450, 112.54943789, 1, 'asdasd', 13123, '2021-01-09', '2021-01-09 00:00:00');

-- --------------------------------------------------------

--
-- Struktur dari tabel `poly`
--

CREATE TABLE `poly` (
  `id` bigint(20) UNSIGNED NOT NULL,
  `nama` varchar(255) COLLATE utf8_unicode_ci NOT NULL,
  `keterangan` varchar(255) COLLATE utf8_unicode_ci DEFAULT NULL,
  `polyline` longtext COLLATE utf8_unicode_ci NOT NULL,
  `kelurahan_id` bigint(20) UNSIGNED DEFAULT NULL,
  `created_at` timestamp NULL DEFAULT NULL,
  `updated_at` timestamp NULL DEFAULT NULL
) ENGINE=InnoDB DEFAULT CHARSET=utf8 COLLATE=utf8_unicode_ci;

--
-- Dumping data untuk tabel `poly`
--

INSERT INTO `poly` (`id`, `nama`, `keterangan`, `polyline`, `kelurahan_id`, `created_at`, `updated_at`) VALUES
(3, 'test', 'test', '7.39637,112.5233,7.39637,112.5233,7.41391,112.53266,7.41391,112.53266,7.41272,112.55163,7.41272,112.55163,7.39374,112.55626,7.39374,112.55626,7.38667,112.54047,7.38667,112.54047,7.39603,112.52322', 1, '2021-01-09 18:40:34', '2021-01-09 18:40:34');

-- --------------------------------------------------------

--
-- Struktur dari tabel `users`
--

CREATE TABLE `users` (
  `id` bigint(20) UNSIGNED NOT NULL,
  `name` varchar(255) COLLATE utf8_unicode_ci NOT NULL,
  `email` varchar(255) COLLATE utf8_unicode_ci NOT NULL,
  `password` varchar(255) COLLATE utf8_unicode_ci NOT NULL,
  `remember_token` varchar(100) COLLATE utf8_unicode_ci DEFAULT NULL,
  `created_at` timestamp NULL DEFAULT NULL,
  `updated_at` timestamp NULL DEFAULT NULL
) ENGINE=InnoDB DEFAULT CHARSET=utf8 COLLATE=utf8_unicode_ci;

--
-- Dumping data untuk tabel `users`
--

INSERT INTO `users` (`id`, `name`, `email`, `password`, `remember_token`, `created_at`, `updated_at`) VALUES
(1, 'admin', 'admin@admin.com', '$2y$10$P9ld33sDoxbzcUds2DxWcuLsO3F3xJnQiKJ/BIm9txkv719IfgLI.', 'YRmbBWoGQHixioXhjxQA86iNu0C6MPVMbw8xS39DmgBdaU6DpHUwaBtA0qLL', '2021-01-08 17:00:00', '2021-01-08 17:00:00');

--
-- Indexes for dumped tables
--

--
-- Indeks untuk tabel `kecamatans`
--
ALTER TABLE `kecamatans`
  ADD PRIMARY KEY (`id`);

--
-- Indeks untuk tabel `kelurahans`
--
ALTER TABLE `kelurahans`
  ADD PRIMARY KEY (`id`),
  ADD KEY `kelurahans_kecamatan_id_foreign` (`kecamatan_id`);

--
-- Indeks untuk tabel `mall`
--
ALTER TABLE `mall`
  ADD PRIMARY KEY (`id`);

--
-- Indeks untuk tabel `poly`
--
ALTER TABLE `poly`
  ADD PRIMARY KEY (`id`),
  ADD KEY `distances_kelurahan_id_foreign` (`kelurahan_id`);

--
-- AUTO_INCREMENT untuk tabel yang dibuang
--

--
-- AUTO_INCREMENT untuk tabel `mall`
--
ALTER TABLE `mall`
  MODIFY `id` int(11) NOT NULL AUTO_INCREMENT, AUTO_INCREMENT=18;

--
-- AUTO_INCREMENT untuk tabel `poly`
--
ALTER TABLE `poly`
  MODIFY `id` bigint(20) UNSIGNED NOT NULL AUTO_INCREMENT, AUTO_INCREMENT=4;
COMMIT;

/*!40101 SET CHARACTER_SET_CLIENT=@OLD_CHARACTER_SET_CLIENT */;
/*!40101 SET CHARACTER_SET_RESULTS=@OLD_CHARACTER_SET_RESULTS */;
/*!40101 SET COLLATION_CONNECTION=@OLD_COLLATION_CONNECTION */;
